set foreign_key_checks = 0;

delete from cidade;
delete from cozinha;
delete from estado;
delete from forma_pagamento;
delete from grupo;
delete from grupo_permissao;
delete from permissao;
delete from produto;
delete from restaurante;
delete from restaurante_forma_pagamento;
delete from usuario;
delete from usuario_grupo;

set foreign_key_checks = 1;

alter table cidade auto_increment = 1;
alter table cozinha auto_increment = 1;
alter table estado auto_increment = 1;
alter table forma_pagamento auto_increment = 1;
alter table grupo auto_increment = 1;
alter table permissao auto_increment = 1;
alter table produto auto_increment = 1;
alter table restaurante auto_increment = 1;
alter table usuario auto_increment = 1;

insert into cozinha (id, nome) values (1, 'Tailandesa');
insert into cozinha (id, nome) values (2, 'Indiana');
insert into cozinha (id, nome) values (3, 'Brasileira');
insert into cozinha (id, nome) values (4, 'Chinesa');

insert into estado (id, nome) values (1, 'Minas Gerais');
insert into estado (id, nome) values (2, 'São Paulo');
insert into estado (id, nome) values (3, 'Ceará');

insert into cidade (id, nome, estado_id) values (1, 'Uberlândia', 1);
insert into cidade (id, nome, estado_id) values (2, 'Belo Horizonte', 1);
insert into cidade (id, nome, estado_id) values (3, 'São Paulo', 2);
insert into cidade (id, nome, estado_id) values (4, 'Campinas', 2);
insert into cidade (id, nome, estado_id) values (5, 'Fortaleza', 3);

insert into restaurante (id, nome, taxa_frete, cozinha_id, data_cadastro, data_atualizacao, ativo, endereco_cidade_id, endereco_cep, endereco_logradouro, endereco_numero, endereco_bairro) values (1, 'Thai Gourmet', 10, 1, utc_timestamp, utc_timestamp, true, 1, '38400-999', 'Rua João Pinheiro', '1000', 'Centro');
insert into restaurante (id, nome, taxa_frete, cozinha_id, data_cadastro, data_atualizacao, ativo) values (2, 'Thai Delivery', 9.50, 1, utc_timestamp, utc_timestamp, true);
insert into restaurante (id, nome, taxa_frete, cozinha_id, data_cadastro, data_atualizacao, ativo) values (3, 'Tuk Tuk Comida Indiana', 15, 2, utc_timestamp, utc_timestamp, true);

insert into forma_pagamento (id, descricao) values (1, 'Cartão de crédito');
insert into forma_pagamento (id, descricao) values (2, 'Cartão de débito');
insert into forma_pagamento (id, descricao) values (3, 'Dinheiro');

insert into permissao (id, nome, descricao) values (1, 'CONSULTAR_COZINHAS', 'Permite consultar cozinhas');
insert into permissao (id, nome, descricao) values (2, 'EDITAR_COZINHAS', 'Permite editar cozinhas');

insert into restaurante_forma_pagamento (restaurante_id, forma_pagamento_id) values (1, 1), (1, 2), (1, 3), (2, 3), (3, 2), (3, 3);

insert into produto (id, nome, descricao, preco, ativo, restaurante_id) values (1, 'Coca-cola', 'Bebida', 3.5, true, 1);
insert into produto (id, nome, descricao, preco, ativo, restaurante_id) values (2, 'Prato Principal', 'Comida', 15.5, true, 1);

insert into grupo (id, nome) values (1, "Gerente");
insert into grupo (id, nome) values (2, "Vendedor");
insert into grupo (id, nome) values (3, "Atendente");
insert into grupo (id, nome) values (4, "Auxiliar");

insert into usuario (id, nome, email, senha, data_cadastro) values (1, 'Wellington Delmondes', 'delmondes@email.com', '123', utc_timestamp);
insert into usuario (id, nome, email, senha, data_cadastro) values (2, 'Bruna Franco', 'bruna@email.com', '123', utc_timestamp);
insert into usuario (id, nome, email, senha, data_cadastro) values (3, 'Sandramar Delmondes', 'sandramar@email.com', '123', utc_timestamp);
insert into usuario (id, nome, email, senha, data_cadastro) values (4, 'Lourrana Delmondes', 'lourrana@email.com', '123', utc_timestamp);